image_name,render_name,psnr,ssim,lpips
DSCF5565.JPG,00000.png,28.00765287102501,0.9077227711677551,0.10026462376117706
DSCF5573.JPG,00001.png,25.026819755709354,0.8661890029907227,0.09501644223928452
DSCF5581.JPG,00002.png,25.1546090246526,0.8418948650360107,0.09101267158985138
DSCF5589.JPG,00003.png,23.80337771340399,0.8423027396202087,0.12832047045230865
DSCF5597.JPG,00004.png,27.433843313522193,0.8990049362182617,0.08923664689064026
DSCF5605.JPG,00005.png,32.13661418403313,0.943861722946167,0.044672634452581406
DSCF5613.JPG,00006.png,22.051244122213237,0.8281065821647644,0.13410314917564392
DSCF5621.JPG,00007.png,25.935423311873546,0.8628618121147156,0.11466063559055328
DSCF5629.JPG,00008.png,26.733299931207398,0.8890502452850342,0.07213492691516876
DSCF5637.JPG,00009.png,23.87860117486396,0.8225099444389343,0.12419220805168152
DSCF5645.JPG,00010.png,27.0265118623879,0.9118902087211609,0.08987166732549667
DSCF5653.JPG,00011.png,23.300371280273247,0.8147819638252258,0.14688198268413544
DSCF5661.JPG,00012.png,16.81242001012324,0.6498368382453918,0.2949058711528778
DSCF5669.JPG,00013.png,24.382351109594037,0.8637208938598633,0.12972842156887054
DSCF5677.JPG,00014.png,28.40328045278249,0.9001391530036926,0.08445955812931061
DSCF5685.JPG,00015.png,21.11102308339525,0.8067901730537415,0.15409764647483826
DSCF5693.JPG,00016.png,23.56401374123547,0.8255243301391602,0.14186719059944153
DSCF5701.JPG,00017.png,25.661772535525262,0.8582766056060791,0.13622546195983887
DSCF5709.JPG,00018.png,20.618315321993755,0.8285942077636719,0.1346566379070282
DSCF5717.JPG,00019.png,23.420758882914576,0.8448648452758789,0.15004543960094452
DSCF5725.JPG,00020.png,29.48223670190388,0.9217271208763123,0.10350476205348969
DSCF5733.JPG,00021.png,22.989880421454572,0.8615797162055969,0.15711534023284912
DSCF5741.JPG,00022.png,21.888407417201826,0.8304965496063232,0.15244150161743164
DSCF5749.JPG,00023.png,26.650723040699514,0.891934335231781,0.10430474579334259
DSCF5757.JPG,00024.png,23.119564301975217,0.8294058442115784,0.17345425486564636
DSCF5765.JPG,00025.png,24.38946954037413,0.8881087899208069,0.15164139866828918
DSCF5773.JPG,00026.png,18.78923167154214,0.7888922691345215,0.2438560426235199
DSCF5781.JPG,00027.png,18.03305551603077,0.8144887089729309,0.21410030126571655
DSCF5789.JPG,00028.png,22.02347819386986,0.8520576357841492,0.1658647656440735
DSCF5797.JPG,00029.png,29.634890054825497,0.9236926436424255,0.07462690025568008
DSCF5805.JPG,00030.png,33.52360379855118,0.956368625164032,0.04370243847370148
DSCF5813.JPG,00031.png,21.519079581604117,0.8098530769348145,0.19204874336719513
DSCF5821.JPG,00032.png,27.572792724813247,0.8987417221069336,0.08663567900657654
DSCF5829.JPG,00033.png,29.826348986760163,0.9293434619903564,0.05247166007757187
DSCF5837.JPG,00034.png,20.234221380872725,0.7676152586936951,0.16376374661922455
DSCF5845.JPG,00035.png,28.61166268002737,0.9239718914031982,0.06052865833044052
DSCF5853.JPG,00036.png,20.378852639830257,0.8036556839942932,0.22993633151054382
